{"Level II": 85788.83289226319, "Level III": 104958.30838114079, "Level I": 60488.733927670306, "Level IV": 122196.01120351121}