{"WA": 108325.20268836222, "VA": 88386.05851528385, "DE": 89974.29801324503, "DC": 90774.44047619047, "WI": 73872.63744075829, "WV": 57047.40909090909, "HI": 77017.45, "FL": 74423.07771609834, "WY": 56906.25, "NH": 82166.19333333333, "NJ": 94330.90667976424, "NM": 78634.0, "TX": 86578.23966942148, "LA": 63032.844155844155, "NC": 86014.98292006526, "ND": 60001.09375, "NE": 73584.83969465649, "TN": 69037.84675324675, "NY": 94129.01723183392, "PA": 81646.85971685972, "CA": 111210.29458086367, "NV": 81620.9493670886, "PR": 55813.333333333336, "GU": 96152.42857142857, "CO": 82206.79642058165, "PW": 74880.0, "VI": 56303.333333333336, "AK": 113946.0, "AL": 66181.4, "AR": 74189.8255033557, "VT": 78593.05555555556, "IL": 80403.75162601625, "GA": 82880.89551192145, "IN": 69863.88315217392, "IA": 76525.74537037036, "OK": 63218.927083333336, "AZ": 81146.18260869566, "ID": 70590.15789473684, "CT": 86010.25363825363, "ME": 76904.14285714286, "MD": 83336.12965722801, "MA": 83492.54778704297, "OH": 77922.53948717949, "UT": 82310.02197802198, "MO": 78004.67137809188, "MN": 81738.46948356807, "MI": 77414.13178294574, "RI": 81677.42105263157, "KS": 72739.46323529411, "MT": 59841.25, "MP": 41140.0, "MS": 89632.55555555556, "SC": 76700.60946745562, "KY": 69456.46853146853, "OR": 85634.66005665723, "SD": 62130.75}