{"Associate": 91675.05932203389, "Consultant": 85833.6245627672, "Physical Therapist": 98658.39436619719, "Manager": 99175.028125, "Project Manager": 99421.87584005376, "Assistant Professor": 69413.61164274323, "Accountant": 70129.28832116789, "Architect": 94611.73287197232, "Software Engineer/Developer": 97309.88569983706, "Technical Lead": 91562.72913592723, "Research Associate": 64338.451884483606, "Analyst": 77849.27301174068, "Postdoctoral Fellow": 45285.555384615385}